Code Domaine,Domaine,Code zone,Zone,Code Élément,Élément,Code Produit,Produit,Code année,Année,Unité,Valeur,Symbole,Description du Symbole
"FBS","Nouveaux Bilans Alimentaire","2","Afghanistan","5611","Importations - Quantité","2734","Viande de Volailles","2018","2018","Milliers de tonnes","25","Im","Données de la FAO basées sur une méthodologie d'imputation"
"FBS","Nouveaux Bilans Alimentaire","2","Afghanistan","5911","Exportations - Quantité","2734","Viande de Volailles","2018","2018","Milliers de tonnes","0","Im","Données de la FAO basées sur une méthodologie d'imputation"
"FBS","Nouveaux Bilans Alimentaire","202","Afrique du Sud","5611","Importations - Quantité","2734","Viande de Volailles","2018","2018","Milliers de tonnes","515","Im","Données de la FAO basées sur une méthodologie d'imputation"
"FBS","Nouveaux Bilans Alimentaire","202","Afrique du Sud","5911","Exportations - Quantité","2734","Viande de Volailles","2018","2018","Milliers de tonnes","48","Im","Données de la FAO basées sur une méthodologie d'imputation"
"FBS","Nouveaux Bilans Alimentaire","3","Albanie","5611","Importations - Quantité","2734","Viande de Volailles","2018","2018","Milliers de tonnes","12","Im","Données de la FAO basées sur une méthodologie d'imputation"
"FBS","Nouveaux Bilans Alimentaire","4","Algérie","5611","Importations - Quantité","2734","Viande de Volailles","2018","2018","Milliers de tonnes","0","Im","Données de la FAO basées sur une méthodologie d'imputation"
"FBS","Nouveaux Bilans Alimentaire","79","Allemagne","5611","Importations - Quantité","2734","Viande de Volailles","2018","2018","Milliers de tonnes","871","Im","Données de la FAO basées sur une méthodologie d'imputation"
"FBS","Nouveaux Bilans Alimentaire","79","Allemagne","5911","Exportations - Quantité","2734","Viande de Volailles","2018","2018","Milliers de tonnes","640","Im","Données de la FAO basées sur une méthodologie d'imputation"
"FBS","Nouveaux Bilans Alimentaire","7","Angola","5611","Importations - Quantité","2734","Viande de Volailles","2018","2018","Milliers de tonnes","335","Im","Données de la FAO basées sur une méthodologie d'imputation"
"FBS","Nouveaux Bilans Alimentaire","7","Angola","5911","Exportations - Quantité","2734","Viande de Volailles","2018","2018","Milliers de tonnes","0","Im","Données de la FAO basées sur une méthodologie d'imputation"
"FBS","Nouveaux Bilans Alimentaire","8","Antigua-et-Barbuda","5611","Importations - Quantité","2734","Viande de Volailles","2018","2018","Milliers de tonnes","7","Im","Données de la FAO basées sur une méthodologie d'imputation"
"FBS","Nouveaux Bilans Alimentaire","8","Antigua-et-Barbuda","5911","Exportations - Quantité","2734","Viande de Volailles","2018","2018","Milliers de tonnes","0","Im","Données de la FAO basées sur une méthodologie d'imputation"
"FBS","Nouveaux Bilans Alimentaire","194","Arabie saoudite","5611","Importations - Quantité","2734","Viande de Volailles","2018","2018","Milliers de tonnes","640","Im","Données de la FAO basées sur une méthodologie d'imputation"
"FBS","Nouveaux Bilans Alimentaire","194","Arabie saoudite","5911","Exportations - Quantité","2734","Viande de Volailles","2018","2018","Milliers de tonnes","35","Im","Données de la FAO basées sur une méthodologie d'imputation"
"FBS","Nouveaux Bilans Alimentaire","9","Argentine","5611","Importations - Quantité","2734","Viande de Volailles","2018","2018","Milliers de tonnes","13","Im","Données de la FAO basées sur une méthodologie d'imputation"
"FBS","Nouveaux Bilans Alimentaire","9","Argentine","5911","Exportations - Quantité","2734","Viande de Volailles","2018","2018","Milliers de tonnes","165","Im","Données de la FAO basées sur une méthodologie d'imputation"
"FBS","Nouveaux Bilans Alimentaire","1","Arménie","5611","Importations - Quantité","2734","Viande de Volailles","2018","2018","Milliers de tonnes","33","Im","Données de la FAO basées sur une méthodologie d'imputation"
"FBS","Nouveaux Bilans Alimentaire","1","Arménie","5911","Exportations - Quantité","2734","Viande de Volailles","2018","2018","Milliers de tonnes","0","Im","Données de la FAO basées sur une méthodologie d'imputation"
"FBS","Nouveaux Bilans Alimentaire","10","Australie","5611","Importations - Quantité","2734","Viande de Volailles","2018","2018","Milliers de tonnes","16","Im","Données de la FAO basées sur une méthodologie d'imputation"
"FBS","Nouveaux Bilans Alimentaire","10","Australie","5911","Exportations - Quantité","2734","Viande de Volailles","2018","2018","Milliers de tonnes","39","Im","Données de la FAO basées sur une méthodologie d'imputation"
"FBS","Nouveaux Bilans Alimentaire","11","Autriche","5611","Importations - Quantité","2734","Viande de Volailles","2018","2018","Milliers de tonnes","114","Im","Données de la FAO basées sur une méthodologie d'imputation"
"FBS","Nouveaux Bilans Alimentaire","11","Autriche","5911","Exportations - Quantité","2734","Viande de Volailles","2018","2018","Milliers de tonnes","83","Im","Données de la FAO basées sur une méthodologie d'imputation"
"FBS","Nouveaux Bilans Alimentaire","52","Azerbaïdjan","5611","Importations - Quantité","2734","Viande de Volailles","2018","2018","Milliers de tonnes","35","Im","Données de la FAO basées sur une méthodologie d'imputation"
"FBS","Nouveaux Bilans Alimentaire","52","Azerbaïdjan","5911","Exportations - Quantité","2734","Viande de Volailles","2018","2018","Milliers de tonnes","1","Im","Données de la FAO basées sur une méthodologie d'imputation"
"FBS","Nouveaux Bilans Alimentaire","12","Bahamas","5611","Importations - Quantité","2734","Viande de Volailles","2018","2018","Milliers de tonnes","26","Im","Données de la FAO basées sur une méthodologie d'imputation"
"FBS","Nouveaux Bilans Alimentaire","12","Bahamas","5911","Exportations - Quantité","2734","Viande de Volailles","2018","2018","Milliers de tonnes","0","Im","Données de la FAO basées sur une méthodologie d'imputation"
"FBS","Nouveaux Bilans Alimentaire","16","Bangladesh","5611","Importations - Quantité","2734","Viande de Volailles","2018","2018","Milliers de tonnes","0","Im","Données de la FAO basées sur une méthodologie d'imputation"
"FBS","Nouveaux Bilans Alimentaire","16","Bangladesh","5911","Exportations - Quantité","2734","Viande de Volailles","2018","2018","Milliers de tonnes","0","Im","Données de la FAO basées sur une méthodologie d'imputation"
"FBS","Nouveaux Bilans Alimentaire","14","Barbade","5611","Importations - Quantité","2734","Viande de Volailles","2018","2018","Milliers de tonnes","2","Im","Données de la FAO basées sur une méthodologie d'imputation"
"FBS","Nouveaux Bilans Alimentaire","14","Barbade","5911","Exportations - Quantité","2734","Viande de Volailles","2018","2018","Milliers de tonnes","0","Im","Données de la FAO basées sur une méthodologie d'imputation"
"FBS","Nouveaux Bilans Alimentaire","57","Bélarus","5611","Importations - Quantité","2734","Viande de Volailles","2018","2018","Milliers de tonnes","11","Im","Données de la FAO basées sur une méthodologie d'imputation"
"FBS","Nouveaux Bilans Alimentaire","57","Bélarus","5911","Exportations - Quantité","2734","Viande de Volailles","2018","2018","Milliers de tonnes","168","Im","Données de la FAO basées sur une méthodologie d'imputation"
"FBS","Nouveaux Bilans Alimentaire","255","Belgique","5611","Importations - Quantité","2734","Viande de Volailles","2018","2018","Milliers de tonnes","303","Im","Données de la FAO basées sur une méthodologie d'imputation"
"FBS","Nouveaux Bilans Alimentaire","255","Belgique","5911","Exportations - Quantité","2734","Viande de Volailles","2018","2018","Milliers de tonnes","639","Im","Données de la FAO basées sur une méthodologie d'imputation"
"FBS","Nouveaux Bilans Alimentaire","23","Belize","5611","Importations - Quantité","2734","Viande de Volailles","2018","2018","Milliers de tonnes","0","Im","Données de la FAO basées sur une méthodologie d'imputation"
"FBS","Nouveaux Bilans Alimentaire","53","Bénin","5611","Importations - Quantité","2734","Viande de Volailles","2018","2018","Milliers de tonnes","117","Im","Données de la FAO basées sur une méthodologie d'imputation"
"FBS","Nouveaux Bilans Alimentaire","53","Bénin","5911","Exportations - Quantité","2734","Viande de Volailles","2018","2018","Milliers de tonnes","18","Im","Données de la FAO basées sur une méthodologie d'imputation"
"FBS","Nouveaux Bilans Alimentaire","19","Bolivie (État plurinational de)","5611","Importations - Quantité","2734","Viande de Volailles","2018","2018","Milliers de tonnes","0","Im","Données de la FAO basées sur une méthodologie d'imputation"
"FBS","Nouveaux Bilans Alimentaire","19","Bolivie (État plurinational de)","5911","Exportations - Quantité","2734","Viande de Volailles","2018","2018","Milliers de tonnes","1","Im","Données de la FAO basées sur une méthodologie d'imputation"
"FBS","Nouveaux Bilans Alimentaire","80","Bosnie-Herzégovine","5611","Importations - Quantité","2734","Viande de Volailles","2018","2018","Milliers de tonnes","12","Im","Données de la FAO basées sur une méthodologie d'imputation"
"FBS","Nouveaux Bilans Alimentaire","80","Bosnie-Herzégovine","5911","Exportations - Quantité","2734","Viande de Volailles","2018","2018","Milliers de tonnes","8","Im","Données de la FAO basées sur une méthodologie d'imputation"
"FBS","Nouveaux Bilans Alimentaire","20","Botswana","5611","Importations - Quantité","2734","Viande de Volailles","2018","2018","Milliers de tonnes","5","Im","Données de la FAO basées sur une méthodologie d'imputation"
"FBS","Nouveaux Bilans Alimentaire","20","Botswana","5911","Exportations - Quantité","2734","Viande de Volailles","2018","2018","Milliers de tonnes","0","Im","Données de la FAO basées sur une méthodologie d'imputation"
"FBS","Nouveaux Bilans Alimentaire","21","Brésil","5611","Importations - Quantité","2734","Viande de Volailles","2018","2018","Milliers de tonnes","3","Im","Données de la FAO basées sur une méthodologie d'imputation"
"FBS","Nouveaux Bilans Alimentaire","21","Brésil","5911","Exportations - Quantité","2734","Viande de Volailles","2018","2018","Milliers de tonnes","4012","Im","Données de la FAO basées sur une méthodologie d'imputation"
"FBS","Nouveaux Bilans Alimentaire","27","Bulgarie","5611","Importations - Quantité","2734","Viande de Volailles","2018","2018","Milliers de tonnes","108","Im","Données de la FAO basées sur une méthodologie d'imputation"
"FBS","Nouveaux Bilans Alimentaire","27","Bulgarie","5911","Exportations - Quantité","2734","Viande de Volailles","2018","2018","Milliers de tonnes","46","Im","Données de la FAO basées sur une méthodologie d'imputation"
"FBS","Nouveaux Bilans Alimentaire","233","Burkina Faso","5611","Importations - Quantité","2734","Viande de Volailles","2018","2018","Milliers de tonnes","0","Im","Données de la FAO basées sur une méthodologie d'imputation"
"FBS","Nouveaux Bilans Alimentaire","35","Cabo Verde","5611","Importations - Quantité","2734","Viande de Volailles","2018","2018","Milliers de tonnes","13","Im","Données de la FAO basées sur une méthodologie d'imputation"
"FBS","Nouveaux Bilans Alimentaire","115","Cambodge","5611","Importations - Quantité","2734","Viande de Volailles","2018","2018","Milliers de tonnes","15","Im","Données de la FAO basées sur une méthodologie d'imputation"
"FBS","Nouveaux Bilans Alimentaire","115","Cambodge","5911","Exportations - Quantité","2734","Viande de Volailles","2018","2018","Milliers de tonnes","0","Im","Données de la FAO basées sur une méthodologie d'imputation"
"FBS","Nouveaux Bilans Alimentaire","32","Cameroun","5611","Importations - Quantité","2734","Viande de Volailles","2018","2018","Milliers de tonnes","2","Im","Données de la FAO basées sur une méthodologie d'imputation"
"FBS","Nouveaux Bilans Alimentaire","33","Canada","5611","Importations - Quantité","2734","Viande de Volailles","2018","2018","Milliers de tonnes","177","Im","Données de la FAO basées sur une méthodologie d'imputation"
"FBS","Nouveaux Bilans Alimentaire","33","Canada","5911","Exportations - Quantité","2734","Viande de Volailles","2018","2018","Milliers de tonnes","146","Im","Données de la FAO basées sur une méthodologie d'imputation"
"FBS","Nouveaux Bilans Alimentaire","40","Chili","5611","Importations - Quantité","2734","Viande de Volailles","2018","2018","Milliers de tonnes","160","Im","Données de la FAO basées sur une méthodologie d'imputation"
"FBS","Nouveaux Bilans Alimentaire","40","Chili","5911","Exportations - Quantité","2734","Viande de Volailles","2018","2018","Milliers de tonnes","157","Im","Données de la FAO basées sur une méthodologie d'imputation"
"FBS","Nouveaux Bilans Alimentaire","96","Chine - RAS de Hong-Kong","5611","Importations - Quantité","2734","Viande de Volailles","2018","2018","Milliers de tonnes","821","Im","Données de la FAO basées sur une méthodologie d'imputation"
"FBS","Nouveaux Bilans Alimentaire","96","Chine - RAS de Hong-Kong","5911","Exportations - Quantité","2734","Viande de Volailles","2018","2018","Milliers de tonnes","607","Im","Données de la FAO basées sur une méthodologie d'imputation"
"FBS","Nouveaux Bilans Alimentaire","128","Chine - RAS de Macao","5611","Importations - Quantité","2734","Viande de Volailles","2018","2018","Milliers de tonnes","26","Im","Données de la FAO basées sur une méthodologie d'imputation"
"FBS","Nouveaux Bilans Alimentaire","128","Chine - RAS de Macao","5911","Exportations - Quantité","2734","Viande de Volailles","2018","2018","Milliers de tonnes","0","Im","Données de la FAO basées sur une méthodologie d'imputation"
"FBS","Nouveaux Bilans Alimentaire","41","Chine, continentale","5611","Importations - Quantité","2734","Viande de Volailles","2018","2018","Milliers de tonnes","504","Im","Données de la FAO basées sur une méthodologie d'imputation"
"FBS","Nouveaux Bilans Alimentaire","41","Chine, continentale","5911","Exportations - Quantité","2734","Viande de Volailles","2018","2018","Milliers de tonnes","594","Im","Données de la FAO basées sur une méthodologie d'imputation"
"FBS","Nouveaux Bilans Alimentaire","214","Chine, Taiwan Province de","5611","Importations - Quantité","2734","Viande de Volailles","2018","2018","Milliers de tonnes","217","Im","Données de la FAO basées sur une méthodologie d'imputation"
"FBS","Nouveaux Bilans Alimentaire","214","Chine, Taiwan Province de","5911","Exportations - Quantité","2734","Viande de Volailles","2018","2018","Milliers de tonnes","8","Im","Données de la FAO basées sur une méthodologie d'imputation"
"FBS","Nouveaux Bilans Alimentaire","50","Chypre","5611","Importations - Quantité","2734","Viande de Volailles","2018","2018","Milliers de tonnes","14","Im","Données de la FAO basées sur une méthodologie d'imputation"
"FBS","Nouveaux Bilans Alimentaire","50","Chypre","5911","Exportations - Quantité","2734","Viande de Volailles","2018","2018","Milliers de tonnes","1","Im","Données de la FAO basées sur une méthodologie d'imputation"
"FBS","Nouveaux Bilans Alimentaire","44","Colombie","5611","Importations - Quantité","2734","Viande de Volailles","2018","2018","Milliers de tonnes","90","Im","Données de la FAO basées sur une méthodologie d'imputation"
"FBS","Nouveaux Bilans Alimentaire","44","Colombie","5911","Exportations - Quantité","2734","Viande de Volailles","2018","2018","Milliers de tonnes","2","Im","Données de la FAO basées sur une méthodologie d'imputation"
"FBS","Nouveaux Bilans Alimentaire","46","Congo","5611","Importations - Quantité","2734","Viande de Volailles","2018","2018","Milliers de tonnes","122","Im","Données de la FAO basées sur une méthodologie d'imputation"
"FBS","Nouveaux Bilans Alimentaire","46","Congo","5911","Exportations - Quantité","2734","Viande de Volailles","2018","2018","Milliers de tonnes","0","Im","Données de la FAO basées sur une méthodologie d'imputation"
"FBS","Nouveaux Bilans Alimentaire","48","Costa Rica","5611","Importations - Quantité","2734","Viande de Volailles","2018","2018","Milliers de tonnes","15","Im","Données de la FAO basées sur une méthodologie d'imputation"
"FBS","Nouveaux Bilans Alimentaire","48","Costa Rica","5911","Exportations - Quantité","2734","Viande de Volailles","2018","2018","Milliers de tonnes","3","Im","Données de la FAO basées sur une méthodologie d'imputation"
"FBS","Nouveaux Bilans Alimentaire","107","Côte d'Ivoire","5611","Importations - Quantité","2734","Viande de Volailles","2018","2018","Milliers de tonnes","1","Im","Données de la FAO basées sur une méthodologie d'imputation"
"FBS","Nouveaux Bilans Alimentaire","107","Côte d'Ivoire","5911","Exportations - Quantité","2734","Viande de Volailles","2018","2018","Milliers de tonnes","0","Im","Données de la FAO basées sur une méthodologie d'imputation"
"FBS","Nouveaux Bilans Alimentaire","98","Croatie","5611","Importations - Quantité","2734","Viande de Volailles","2018","2018","Milliers de tonnes","26","Im","Données de la FAO basées sur une méthodologie d'imputation"
"FBS","Nouveaux Bilans Alimentaire","98","Croatie","5911","Exportations - Quantité","2734","Viande de Volailles","2018","2018","Milliers de tonnes","18","Im","Données de la FAO basées sur une méthodologie d'imputation"
"FBS","Nouveaux Bilans Alimentaire","49","Cuba","5611","Importations - Quantité","2734","Viande de Volailles","2018","2018","Milliers de tonnes","284","Im","Données de la FAO basées sur une méthodologie d'imputation"
"FBS","Nouveaux Bilans Alimentaire","49","Cuba","5911","Exportations - Quantité","2734","Viande de Volailles","2018","2018","Milliers de tonnes","0","Im","Données de la FAO basées sur une méthodologie d'imputation"
"FBS","Nouveaux Bilans Alimentaire","54","Danemark","5611","Importations - Quantité","2734","Viande de Volailles","2018","2018","Milliers de tonnes","141","Im","Données de la FAO basées sur une méthodologie d'imputation"
"FBS","Nouveaux Bilans Alimentaire","54","Danemark","5911","Exportations - Quantité","2734","Viande de Volailles","2018","2018","Milliers de tonnes","142","Im","Données de la FAO basées sur une méthodologie d'imputation"
"FBS","Nouveaux Bilans Alimentaire","72","Djibouti","5611","Importations - Quantité","2734","Viande de Volailles","2018","2018","Milliers de tonnes","3","Im","Données de la FAO basées sur une méthodologie d'imputation"
"FBS","Nouveaux Bilans Alimentaire","55","Dominique","5611","Importations - Quantité","2734","Viande de Volailles","2018","2018","Milliers de tonnes","4","Im","Données de la FAO basées sur une méthodologie d'imputation"
"FBS","Nouveaux Bilans Alimentaire","59","Égypte","5611","Importations - Quantité","2734","Viande de Volailles","2018","2018","Milliers de tonnes","46","Im","Données de la FAO basées sur une méthodologie d'imputation"
"FBS","Nouveaux Bilans Alimentaire","59","Égypte","5911","Exportations - Quantité","2734","Viande de Volailles","2018","2018","Milliers de tonnes","2","Im","Données de la FAO basées sur une méthodologie d'imputation"
"FBS","Nouveaux Bilans Alimentaire","60","El Salvador","5611","Importations - Quantité","2734","Viande de Volailles","2018","2018","Milliers de tonnes","20","Im","Données de la FAO basées sur une méthodologie d'imputation"
"FBS","Nouveaux Bilans Alimentaire","60","El Salvador","5911","Exportations - Quantité","2734","Viande de Volailles","2018","2018","Milliers de tonnes","2","Im","Données de la FAO basées sur une méthodologie d'imputation"
"FBS","Nouveaux Bilans Alimentaire","225","Émirats arabes unis","5611","Importations - Quantité","2734","Viande de Volailles","2018","2018","Milliers de tonnes","609","Im","Données de la FAO basées sur une méthodologie d'imputation"
"FBS","Nouveaux Bilans Alimentaire","225","Émirats arabes unis","5911","Exportations - Quantité","2734","Viande de Volailles","2018","2018","Milliers de tonnes","58","Im","Données de la FAO basées sur une méthodologie d'imputation"
"FBS","Nouveaux Bilans Alimentaire","58","Équateur","5611","Importations - Quantité","2734","Viande de Volailles","2018","2018","Milliers de tonnes","0","Im","Données de la FAO basées sur une méthodologie d'imputation"
"FBS","Nouveaux Bilans Alimentaire","58","Équateur","5911","Exportations - Quantité","2734","Viande de Volailles","2018","2018","Milliers de tonnes","0","Im","Données de la FAO basées sur une méthodologie d'imputation"
"FBS","Nouveaux Bilans Alimentaire","203","Espagne","5611","Importations - Quantité","2734","Viande de Volailles","2018","2018","Milliers de tonnes","189","Im","Données de la FAO basées sur une méthodologie d'imputation"
"FBS","Nouveaux Bilans Alimentaire","203","Espagne","5911","Exportations - Quantité","2734","Viande de Volailles","2018","2018","Milliers de tonnes","242","Im","Données de la FAO basées sur une méthodologie d'imputation"
"FBS","Nouveaux Bilans Alimentaire","63","Estonie","5611","Importations - Quantité","2734","Viande de Volailles","2018","2018","Milliers de tonnes","30","Im","Données de la FAO basées sur une méthodologie d'imputation"
"FBS","Nouveaux Bilans Alimentaire","63","Estonie","5911","Exportations - Quantité","2734","Viande de Volailles","2018","2018","Milliers de tonnes","12","Im","Données de la FAO basées sur une méthodologie d'imputation"
"FBS","Nouveaux Bilans Alimentaire","209","Eswatini","5611","Importations - Quantité","2734","Viande de Volailles","2018","2018","Milliers de tonnes","2","Im","Données de la FAO basées sur une méthodologie d'imputation"
"FBS","Nouveaux Bilans Alimentaire","209","Eswatini","5911","Exportations - Quantité","2734","Viande de Volailles","2018","2018","Milliers de tonnes","1","Im","Données de la FAO basées sur une méthodologie d'imputation"
"FBS","Nouveaux Bilans Alimentaire","231","États-Unis d'Amérique","5611","Importations - Quantité","2734","Viande de Volailles","2018","2018","Milliers de tonnes","128","Im","Données de la FAO basées sur une méthodologie d'imputation"
"FBS","Nouveaux Bilans Alimentaire","231","États-Unis d'Amérique","5911","Exportations - Quantité","2734","Viande de Volailles","2018","2018","Milliers de tonnes","3776","Im","Données de la FAO basées sur une méthodologie d'imputation"
"FBS","Nouveaux Bilans Alimentaire","238","Éthiopie","5611","Importations - Quantité","2734","Viande de Volailles","2018","2018","Milliers de tonnes","1","Im","Données de la FAO basées sur une méthodologie d'imputation"
"FBS","Nouveaux Bilans Alimentaire","185","Fédération de Russie","5611","Importations - Quantité","2734","Viande de Volailles","2018","2018","Milliers de tonnes","225","Im","Données de la FAO basées sur une méthodologie d'imputation"
"FBS","Nouveaux Bilans Alimentaire","185","Fédération de Russie","5911","Exportations - Quantité","2734","Viande de Volailles","2018","2018","Milliers de tonnes","193","Im","Données de la FAO basées sur une méthodologie d'imputation"
"FBS","Nouveaux Bilans Alimentaire","66","Fidji","5611","Importations - Quantité","2734","Viande de Volailles","2018","2018","Milliers de tonnes","5","Im","Données de la FAO basées sur une méthodologie d'imputation"
"FBS","Nouveaux Bilans Alimentaire","66","Fidji","5911","Exportations - Quantité","2734","Viande de Volailles","2018","2018","Milliers de tonnes","0","Im","Données de la FAO basées sur une méthodologie d'imputation"
"FBS","Nouveaux Bilans Alimentaire","67","Finlande","5611","Importations - Quantité","2734","Viande de Volailles","2018","2018","Milliers de tonnes","17","Im","Données de la FAO basées sur une méthodologie d'imputation"
"FBS","Nouveaux Bilans Alimentaire","67","Finlande","5911","Exportations - Quantité","2734","Viande de Volailles","2018","2018","Milliers de tonnes","11","Im","Données de la FAO basées sur une méthodologie d'imputation"
"FBS","Nouveaux Bilans Alimentaire","68","France","5611","Importations - Quantité","2734","Viande de Volailles","2018","2018","Milliers de tonnes","533","Im","Données de la FAO basées sur une méthodologie d'imputation"
"FBS","Nouveaux Bilans Alimentaire","68","France","5911","Exportations - Quantité","2734","Viande de Volailles","2018","2018","Milliers de tonnes","474","Im","Données de la FAO basées sur une méthodologie d'imputation"
"FBS","Nouveaux Bilans Alimentaire","74","Gabon","5611","Importations - Quantité","2734","Viande de Volailles","2018","2018","Milliers de tonnes","80","Im","Données de la FAO basées sur une méthodologie d'imputation"
"FBS","Nouveaux Bilans Alimentaire","75","Gambie","5611","Importations - Quantité","2734","Viande de Volailles","2018","2018","Milliers de tonnes","21","Im","Données de la FAO basées sur une méthodologie d'imputation"
"FBS","Nouveaux Bilans Alimentaire","73","Géorgie","5611","Importations - Quantité","2734","Viande de Volailles","2018","2018","Milliers de tonnes","51","Im","Données de la FAO basées sur une méthodologie d'imputation"
"FBS","Nouveaux Bilans Alimentaire","73","Géorgie","5911","Exportations - Quantité","2734","Viande de Volailles","2018","2018","Milliers de tonnes","8","Im","Données de la FAO basées sur une méthodologie d'imputation"
"FBS","Nouveaux Bilans Alimentaire","81","Ghana","5611","Importations - Quantité","2734","Viande de Volailles","2018","2018","Milliers de tonnes","205","Im","Données de la FAO basées sur une méthodologie d'imputation"
"FBS","Nouveaux Bilans Alimentaire","81","Ghana","5911","Exportations - Quantité","2734","Viande de Volailles","2018","2018","Milliers de tonnes","0","Im","Données de la FAO basées sur une méthodologie d'imputation"
"FBS","Nouveaux Bilans Alimentaire","84","Grèce","5611","Importations - Quantité","2734","Viande de Volailles","2018","2018","Milliers de tonnes","82","Im","Données de la FAO basées sur une méthodologie d'imputation"
"FBS","Nouveaux Bilans Alimentaire","84","Grèce","5911","Exportations - Quantité","2734","Viande de Volailles","2018","2018","Milliers de tonnes","33","Im","Données de la FAO basées sur une méthodologie d'imputation"
"FBS","Nouveaux Bilans Alimentaire","86","Grenade","5611","Importations - Quantité","2734","Viande de Volailles","2018","2018","Milliers de tonnes","7","Im","Données de la FAO basées sur une méthodologie d'imputation"
"FBS","Nouveaux Bilans Alimentaire","89","Guatemala","5611","Importations - Quantité","2734","Viande de Volailles","2018","2018","Milliers de tonnes","118","Im","Données de la FAO basées sur une méthodologie d'imputation"
"FBS","Nouveaux Bilans Alimentaire","89","Guatemala","5911","Exportations - Quantité","2734","Viande de Volailles","2018","2018","Milliers de tonnes","8","Im","Données de la FAO basées sur une méthodologie d'imputation"
"FBS","Nouveaux Bilans Alimentaire","90","Guinée","5611","Importations - Quantité","2734","Viande de Volailles","2018","2018","Milliers de tonnes","43","Im","Données de la FAO basées sur une méthodologie d'imputation"
"FBS","Nouveaux Bilans Alimentaire","175","Guinée-Bissau","5611","Importations - Quantité","2734","Viande de Volailles","2018","2018","Milliers de tonnes","4","Im","Données de la FAO basées sur une méthodologie d'imputation"
"FBS","Nouveaux Bilans Alimentaire","91","Guyana","5611","Importations - Quantité","2734","Viande de Volailles","2018","2018","Milliers de tonnes","1","Im","Données de la FAO basées sur une méthodologie d'imputation"
"FBS","Nouveaux Bilans Alimentaire","91","Guyana","5911","Exportations - Quantité","2734","Viande de Volailles","2018","2018","Milliers de tonnes","0","Im","Données de la FAO basées sur une méthodologie d'imputation"
"FBS","Nouveaux Bilans Alimentaire","93","Haïti","5611","Importations - Quantité","2734","Viande de Volailles","2018","2018","Milliers de tonnes","97","Im","Données de la FAO basées sur une méthodologie d'imputation"
"FBS","Nouveaux Bilans Alimentaire","95","Honduras","5611","Importations - Quantité","2734","Viande de Volailles","2018","2018","Milliers de tonnes","18","Im","Données de la FAO basées sur une méthodologie d'imputation"
"FBS","Nouveaux Bilans Alimentaire","95","Honduras","5911","Exportations - Quantité","2734","Viande de Volailles","2018","2018","Milliers de tonnes","1","Im","Données de la FAO basées sur une méthodologie d'imputation"
"FBS","Nouveaux Bilans Alimentaire","97","Hongrie","5611","Importations - Quantité","2734","Viande de Volailles","2018","2018","Milliers de tonnes","61","Im","Données de la FAO basées sur une méthodologie d'imputation"
"FBS","Nouveaux Bilans Alimentaire","97","Hongrie","5911","Exportations - Quantité","2734","Viande de Volailles","2018","2018","Milliers de tonnes","232","Im","Données de la FAO basées sur une méthodologie d'imputation"
"FBS","Nouveaux Bilans Alimentaire","25","Îles Salomon","5611","Importations - Quantité","2734","Viande de Volailles","2018","2018","Milliers de tonnes","5","Im","Données de la FAO basées sur une méthodologie d'imputation"
"FBS","Nouveaux Bilans Alimentaire","25","Îles Salomon","5911","Exportations - Quantité","2734","Viande de Volailles","2018","2018","Milliers de tonnes","0","Im","Données de la FAO basées sur une méthodologie d'imputation"
"FBS","Nouveaux Bilans Alimentaire","100","Inde","5611","Importations - Quantité","2734","Viande de Volailles","2018","2018","Milliers de tonnes","0","Im","Données de la FAO basées sur une méthodologie d'imputation"
"FBS","Nouveaux Bilans Alimentaire","100","Inde","5911","Exportations - Quantité","2734","Viande de Volailles","2018","2018","Milliers de tonnes","7","Im","Données de la FAO basées sur une méthodologie d'imputation"
"FBS","Nouveaux Bilans Alimentaire","101","Indonésie","5611","Importations - Quantité","2734","Viande de Volailles","2018","2018","Milliers de tonnes","0","Im","Données de la FAO basées sur une méthodologie d'imputation"
"FBS","Nouveaux Bilans Alimentaire","101","Indonésie","5911","Exportations - Quantité","2734","Viande de Volailles","2018","2018","Milliers de tonnes","0","Im","Données de la FAO basées sur une méthodologie d'imputation"
"FBS","Nouveaux Bilans Alimentaire","102","Iran (République islamique d')","5611","Importations - Quantité","2734","Viande de Volailles","2018","2018","Milliers de tonnes","0","Im","Données de la FAO basées sur une méthodologie d'imputation"
"FBS","Nouveaux Bilans Alimentaire","103","Iraq","5611","Importations - Quantité","2734","Viande de Volailles","2018","2018","Milliers de tonnes","222","Im","Données de la FAO basées sur une méthodologie d'imputation"
"FBS","Nouveaux Bilans Alimentaire","103","Iraq","5911","Exportations - Quantité","2734","Viande de Volailles","2018","2018","Milliers de tonnes","1","Im","Données de la FAO basées sur une méthodologie d'imputation"
"FBS","Nouveaux Bilans Alimentaire","104","Irlande","5611","Importations - Quantité","2734","Viande de Volailles","2018","2018","Milliers de tonnes","105","Im","Données de la FAO basées sur une méthodologie d'imputation"
"FBS","Nouveaux Bilans Alimentaire","104","Irlande","5911","Exportations - Quantité","2734","Viande de Volailles","2018","2018","Milliers de tonnes","90","Im","Données de la FAO basées sur une méthodologie d'imputation"
"FBS","Nouveaux Bilans Alimentaire","99","Islande","5611","Importations - Quantité","2734","Viande de Volailles","2018","2018","Milliers de tonnes","1","Im","Données de la FAO basées sur une méthodologie d'imputation"
"FBS","Nouveaux Bilans Alimentaire","99","Islande","5911","Exportations - Quantité","2734","Viande de Volailles","2018","2018","Milliers de tonnes","0","Im","Données de la FAO basées sur une méthodologie d'imputation"
"FBS","Nouveaux Bilans Alimentaire","105","Israël","5611","Importations - Quantité","2734","Viande de Volailles","2018","2018","Milliers de tonnes","0","Im","Données de la FAO basées sur une méthodologie d'imputation"
"FBS","Nouveaux Bilans Alimentaire","105","Israël","5911","Exportations - Quantité","2734","Viande de Volailles","2018","2018","Milliers de tonnes","2","Im","Données de la FAO basées sur une méthodologie d'imputation"
"FBS","Nouveaux Bilans Alimentaire","106","Italie","5611","Importations - Quantité","2734","Viande de Volailles","2018","2018","Milliers de tonnes","94","Im","Données de la FAO basées sur une méthodologie d'imputation"
"FBS","Nouveaux Bilans Alimentaire","106","Italie","5911","Exportations - Quantité","2734","Viande de Volailles","2018","2018","Milliers de tonnes","175","Im","Données de la FAO basées sur une méthodologie d'imputation"
"FBS","Nouveaux Bilans Alimentaire","109","Jamaïque","5611","Importations - Quantité","2734","Viande de Volailles","2018","2018","Milliers de tonnes","34","Im","Données de la FAO basées sur une méthodologie d'imputation"
"FBS","Nouveaux Bilans Alimentaire","109","Jamaïque","5911","Exportations - Quantité","2734","Viande de Volailles","2018","2018","Milliers de tonnes","1","Im","Données de la FAO basées sur une méthodologie d'imputation"
"FBS","Nouveaux Bilans Alimentaire","110","Japon","5611","Importations - Quantité","2734","Viande de Volailles","2018","2018","Milliers de tonnes","1089","Im","Données de la FAO basées sur une méthodologie d'imputation"
"FBS","Nouveaux Bilans Alimentaire","110","Japon","5911","Exportations - Quantité","2734","Viande de Volailles","2018","2018","Milliers de tonnes","10","Im","Données de la FAO basées sur une méthodologie d'imputation"
"FBS","Nouveaux Bilans Alimentaire","112","Jordanie","5611","Importations - Quantité","2734","Viande de Volailles","2018","2018","Milliers de tonnes","64","Im","Données de la FAO basées sur une méthodologie d'imputation"
"FBS","Nouveaux Bilans Alimentaire","112","Jordanie","5911","Exportations - Quantité","2734","Viande de Volailles","2018","2018","Milliers de tonnes","13","Im","Données de la FAO basées sur une méthodologie d'imputation"
"FBS","Nouveaux Bilans Alimentaire","108","Kazakhstan","5611","Importations - Quantité","2734","Viande de Volailles","2018","2018","Milliers de tonnes","195","Im","Données de la FAO basées sur une méthodologie d'imputation"
"FBS","Nouveaux Bilans Alimentaire","108","Kazakhstan","5911","Exportations - Quantité","2734","Viande de Volailles","2018","2018","Milliers de tonnes","9","Im","Données de la FAO basées sur une méthodologie d'imputation"
"FBS","Nouveaux Bilans Alimentaire","114","Kenya","5611","Importations - Quantité","2734","Viande de Volailles","2018","2018","Milliers de tonnes","1","Im","Données de la FAO basées sur une méthodologie d'imputation"
"FBS","Nouveaux Bilans Alimentaire","114","Kenya","5911","Exportations - Quantité","2734","Viande de Volailles","2018","2018","Milliers de tonnes","0","Im","Données de la FAO basées sur une méthodologie d'imputation"
"FBS","Nouveaux Bilans Alimentaire","113","Kirghizistan","5611","Importations - Quantité","2734","Viande de Volailles","2018","2018","Milliers de tonnes","29","Im","Données de la FAO basées sur une méthodologie d'imputation"
"FBS","Nouveaux Bilans Alimentaire","113","Kirghizistan","5911","Exportations - Quantité","2734","Viande de Volailles","2018","2018","Milliers de tonnes","0","Im","Données de la FAO basées sur une méthodologie d'imputation"
"FBS","Nouveaux Bilans Alimentaire","83","Kiribati","5611","Importations - Quantité","2734","Viande de Volailles","2018","2018","Milliers de tonnes","2","Im","Données de la FAO basées sur une méthodologie d'imputation"
"FBS","Nouveaux Bilans Alimentaire","118","Koweït","5611","Importations - Quantité","2734","Viande de Volailles","2018","2018","Milliers de tonnes","147","Im","Données de la FAO basées sur une méthodologie d'imputation"
"FBS","Nouveaux Bilans Alimentaire","118","Koweït","5911","Exportations - Quantité","2734","Viande de Volailles","2018","2018","Milliers de tonnes","8","Im","Données de la FAO basées sur une méthodologie d'imputation"
"FBS","Nouveaux Bilans Alimentaire","122","Lesotho","5611","Importations - Quantité","2734","Viande de Volailles","2018","2018","Milliers de tonnes","17","Im","Données de la FAO basées sur une méthodologie d'imputation"
"FBS","Nouveaux Bilans Alimentaire","122","Lesotho","5911","Exportations - Quantité","2734","Viande de Volailles","2018","2018","Milliers de tonnes","0","Im","Données de la FAO basées sur une méthodologie d'imputation"
"FBS","Nouveaux Bilans Alimentaire","119","Lettonie","5611","Importations - Quantité","2734","Viande de Volailles","2018","2018","Milliers de tonnes","47","Im","Données de la FAO basées sur une méthodologie d'imputation"
"FBS","Nouveaux Bilans Alimentaire","119","Lettonie","5911","Exportations - Quantité","2734","Viande de Volailles","2018","2018","Milliers de tonnes","21","Im","Données de la FAO basées sur une méthodologie d'imputation"
"FBS","Nouveaux Bilans Alimentaire","121","Liban","5611","Importations - Quantité","2734","Viande de Volailles","2018","2018","Milliers de tonnes","10","Im","Données de la FAO basées sur une méthodologie d'imputation"
"FBS","Nouveaux Bilans Alimentaire","121","Liban","5911","Exportations - Quantité","2734","Viande de Volailles","2018","2018","Milliers de tonnes","5","Im","Données de la FAO basées sur une méthodologie d'imputation"
"FBS","Nouveaux Bilans Alimentaire","123","Libéria","5611","Importations - Quantité","2734","Viande de Volailles","2018","2018","Milliers de tonnes","39","Im","Données de la FAO basées sur une méthodologie d'imputation"
"FBS","Nouveaux Bilans Alimentaire","126","Lituanie","5611","Importations - Quantité","2734","Viande de Volailles","2018","2018","Milliers de tonnes","45","Im","Données de la FAO basées sur une méthodologie d'imputation"
"FBS","Nouveaux Bilans Alimentaire","126","Lituanie","5911","Exportations - Quantité","2734","Viande de Volailles","2018","2018","Milliers de tonnes","66","Im","Données de la FAO basées sur une méthodologie d'imputation"
"FBS","Nouveaux Bilans Alimentaire","256","Luxembourg","5611","Importations - Quantité","2734","Viande de Volailles","2018","2018","Milliers de tonnes","12","Im","Données de la FAO basées sur une méthodologie d'imputation"
"FBS","Nouveaux Bilans Alimentaire","256","Luxembourg","5911","Exportations - Quantité","2734","Viande de Volailles","2018","2018","Milliers de tonnes","1","Im","Données de la FAO basées sur une méthodologie d'imputation"
"FBS","Nouveaux Bilans Alimentaire","154","Macédoine du Nord","5611","Importations - Quantité","2734","Viande de Volailles","2018","2018","Milliers de tonnes","40","Im","Données de la FAO basées sur une méthodologie d'imputation"
"FBS","Nouveaux Bilans Alimentaire","154","Macédoine du Nord","5911","Exportations - Quantité","2734","Viande de Volailles","2018","2018","Milliers de tonnes","1","Im","Données de la FAO basées sur une méthodologie d'imputation"
"FBS","Nouveaux Bilans Alimentaire","129","Madagascar","5611","Importations - Quantité","2734","Viande de Volailles","2018","2018","Milliers de tonnes","0","Im","Données de la FAO basées sur une méthodologie d'imputation"
"FBS","Nouveaux Bilans Alimentaire","131","Malaisie","5611","Importations - Quantité","2734","Viande de Volailles","2018","2018","Milliers de tonnes","72","Im","Données de la FAO basées sur une méthodologie d'imputation"
"FBS","Nouveaux Bilans Alimentaire","131","Malaisie","5911","Exportations - Quantité","2734","Viande de Volailles","2018","2018","Milliers de tonnes","47","Im","Données de la FAO basées sur une méthodologie d'imputation"
"FBS","Nouveaux Bilans Alimentaire","130","Malawi","5611","Importations - Quantité","2734","Viande de Volailles","2018","2018","Milliers de tonnes","0","Im","Données de la FAO basées sur une méthodologie d'imputation"
"FBS","Nouveaux Bilans Alimentaire","130","Malawi","5911","Exportations - Quantité","2734","Viande de Volailles","2018","2018","Milliers de tonnes","0","Im","Données de la FAO basées sur une méthodologie d'imputation"
"FBS","Nouveaux Bilans Alimentaire","132","Maldives","5611","Importations - Quantité","2734","Viande de Volailles","2018","2018","Milliers de tonnes","13","Im","Données de la FAO basées sur une méthodologie d'imputation"
"FBS","Nouveaux Bilans Alimentaire","133","Mali","5611","Importations - Quantité","2734","Viande de Volailles","2018","2018","Milliers de tonnes","0","Im","Données de la FAO basées sur une méthodologie d'imputation"
"FBS","Nouveaux Bilans Alimentaire","133","Mali","5911","Exportations - Quantité","2734","Viande de Volailles","2018","2018","Milliers de tonnes","0","Im","Données de la FAO basées sur une méthodologie d'imputation"
"FBS","Nouveaux Bilans Alimentaire","134","Malte","5611","Importations - Quantité","2734","Viande de Volailles","2018","2018","Milliers de tonnes","9","Im","Données de la FAO basées sur une méthodologie d'imputation"
"FBS","Nouveaux Bilans Alimentaire","134","Malte","5911","Exportations - Quantité","2734","Viande de Volailles","2018","2018","Milliers de tonnes","0","Im","Données de la FAO basées sur une méthodologie d'imputation"
"FBS","Nouveaux Bilans Alimentaire","143","Maroc","5611","Importations - Quantité","2734","Viande de Volailles","2018","2018","Milliers de tonnes","3","Im","Données de la FAO basées sur une méthodologie d'imputation"
"FBS","Nouveaux Bilans Alimentaire","143","Maroc","5911","Exportations - Quantité","2734","Viande de Volailles","2018","2018","Milliers de tonnes","1","Im","Données de la FAO basées sur une méthodologie d'imputation"
"FBS","Nouveaux Bilans Alimentaire","137","Maurice","5611","Importations - Quantité","2734","Viande de Volailles","2018","2018","Milliers de tonnes","3","Im","Données de la FAO basées sur une méthodologie d'imputation"
"FBS","Nouveaux Bilans Alimentaire","137","Maurice","5911","Exportations - Quantité","2734","Viande de Volailles","2018","2018","Milliers de tonnes","0","Im","Données de la FAO basées sur une méthodologie d'imputation"
"FBS","Nouveaux Bilans Alimentaire","136","Mauritanie","5611","Importations - Quantité","2734","Viande de Volailles","2018","2018","Milliers de tonnes","29","Im","Données de la FAO basées sur une méthodologie d'imputation"
"FBS","Nouveaux Bilans Alimentaire","138","Mexique","5611","Importations - Quantité","2734","Viande de Volailles","2018","2018","Milliers de tonnes","983","Im","Données de la FAO basées sur une méthodologie d'imputation"
"FBS","Nouveaux Bilans Alimentaire","138","Mexique","5911","Exportations - Quantité","2734","Viande de Volailles","2018","2018","Milliers de tonnes","13","Im","Données de la FAO basées sur une méthodologie d'imputation"
"FBS","Nouveaux Bilans Alimentaire","141","Mongolie","5611","Importations - Quantité","2734","Viande de Volailles","2018","2018","Milliers de tonnes","12","Im","Données de la FAO basées sur une méthodologie d'imputation"
"FBS","Nouveaux Bilans Alimentaire","141","Mongolie","5911","Exportations - Quantité","2734","Viande de Volailles","2018","2018","Milliers de tonnes","0","Im","Données de la FAO basées sur une méthodologie d'imputation"
"FBS","Nouveaux Bilans Alimentaire","273","Monténégro","5611","Importations - Quantité","2734","Viande de Volailles","2018","2018","Milliers de tonnes","9","Im","Données de la FAO basées sur une méthodologie d'imputation"
"FBS","Nouveaux Bilans Alimentaire","273","Monténégro","5911","Exportations - Quantité","2734","Viande de Volailles","2018","2018","Milliers de tonnes","0","Im","Données de la FAO basées sur une méthodologie d'imputation"
"FBS","Nouveaux Bilans Alimentaire","144","Mozambique","5611","Importations - Quantité","2734","Viande de Volailles","2018","2018","Milliers de tonnes","25","Im","Données de la FAO basées sur une méthodologie d'imputation"
"FBS","Nouveaux Bilans Alimentaire","144","Mozambique","5911","Exportations - Quantité","2734","Viande de Volailles","2018","2018","Milliers de tonnes","0","Im","Données de la FAO basées sur une méthodologie d'imputation"
"FBS","Nouveaux Bilans Alimentaire","28","Myanmar","5611","Importations - Quantité","2734","Viande de Volailles","2018","2018","Milliers de tonnes","1","Im","Données de la FAO basées sur une méthodologie d'imputation"
"FBS","Nouveaux Bilans Alimentaire","28","Myanmar","5911","Exportations - Quantité","2734","Viande de Volailles","2018","2018","Milliers de tonnes","0","Im","Données de la FAO basées sur une méthodologie d'imputation"
"FBS","Nouveaux Bilans Alimentaire","147","Namibie","5611","Importations - Quantité","2734","Viande de Volailles","2018","2018","Milliers de tonnes","26","Im","Données de la FAO basées sur une méthodologie d'imputation"
"FBS","Nouveaux Bilans Alimentaire","147","Namibie","5911","Exportations - Quantité","2734","Viande de Volailles","2018","2018","Milliers de tonnes","12","Im","Données de la FAO basées sur une méthodologie d'imputation"
"FBS","Nouveaux Bilans Alimentaire","149","Népal","5611","Importations - Quantité","2734","Viande de Volailles","2018","2018","Milliers de tonnes","0","Im","Données de la FAO basées sur une méthodologie d'imputation"
"FBS","Nouveaux Bilans Alimentaire","157","Nicaragua","5611","Importations - Quantité","2734","Viande de Volailles","2018","2018","Milliers de tonnes","7","Im","Données de la FAO basées sur une méthodologie d'imputation"
"FBS","Nouveaux Bilans Alimentaire","157","Nicaragua","5911","Exportations - Quantité","2734","Viande de Volailles","2018","2018","Milliers de tonnes","0","Im","Données de la FAO basées sur une méthodologie d'imputation"
"FBS","Nouveaux Bilans Alimentaire","158","Niger","5611","Importations - Quantité","2734","Viande de Volailles","2018","2018","Milliers de tonnes","2","Im","Données de la FAO basées sur une méthodologie d'imputation"
"FBS","Nouveaux Bilans Alimentaire","158","Niger","5911","Exportations - Quantité","2734","Viande de Volailles","2018","2018","Milliers de tonnes","0","Im","Données de la FAO basées sur une méthodologie d'imputation"
"FBS","Nouveaux Bilans Alimentaire","159","Nigéria","5611","Importations - Quantité","2734","Viande de Volailles","2018","2018","Milliers de tonnes","18","Im","Données de la FAO basées sur une méthodologie d'imputation"
"FBS","Nouveaux Bilans Alimentaire","159","Nigéria","5911","Exportations - Quantité","2734","Viande de Volailles","2018","2018","Milliers de tonnes","0","Im","Données de la FAO basées sur une méthodologie d'imputation"
"FBS","Nouveaux Bilans Alimentaire","162","Norvège","5611","Importations - Quantité","2734","Viande de Volailles","2018","2018","Milliers de tonnes","2","Im","Données de la FAO basées sur une méthodologie d'imputation"
"FBS","Nouveaux Bilans Alimentaire","162","Norvège","5911","Exportations - Quantité","2734","Viande de Volailles","2018","2018","Milliers de tonnes","0","Im","Données de la FAO basées sur une méthodologie d'imputation"
"FBS","Nouveaux Bilans Alimentaire","153","Nouvelle-Calédonie","5611","Importations - Quantité","2734","Viande de Volailles","2018","2018","Milliers de tonnes","9","Im","Données de la FAO basées sur une méthodologie d'imputation"
"FBS","Nouveaux Bilans Alimentaire","156","Nouvelle-Zélande","5611","Importations - Quantité","2734","Viande de Volailles","2018","2018","Milliers de tonnes","1","Im","Données de la FAO basées sur une méthodologie d'imputation"
"FBS","Nouveaux Bilans Alimentaire","156","Nouvelle-Zélande","5911","Exportations - Quantité","2734","Viande de Volailles","2018","2018","Milliers de tonnes","23","Im","Données de la FAO basées sur une méthodologie d'imputation"
"FBS","Nouveaux Bilans Alimentaire","221","Oman","5611","Importations - Quantité","2734","Viande de Volailles","2018","2018","Milliers de tonnes","120","Im","Données de la FAO basées sur une méthodologie d'imputation"
"FBS","Nouveaux Bilans Alimentaire","221","Oman","5911","Exportations - Quantité","2734","Viande de Volailles","2018","2018","Milliers de tonnes","15","Im","Données de la FAO basées sur une méthodologie d'imputation"
"FBS","Nouveaux Bilans Alimentaire","226","Ouganda","5611","Importations - Quantité","2734","Viande de Volailles","2018","2018","Milliers de tonnes","0","Im","Données de la FAO basées sur une méthodologie d'imputation"
"FBS","Nouveaux Bilans Alimentaire","226","Ouganda","5911","Exportations - Quantité","2734","Viande de Volailles","2018","2018","Milliers de tonnes","1","Im","Données de la FAO basées sur une méthodologie d'imputation"
"FBS","Nouveaux Bilans Alimentaire","235","Ouzbékistan","5611","Importations - Quantité","2734","Viande de Volailles","2018","2018","Milliers de tonnes","7","Im","Données de la FAO basées sur une méthodologie d'imputation"
"FBS","Nouveaux Bilans Alimentaire","235","Ouzbékistan","5911","Exportations - Quantité","2734","Viande de Volailles","2018","2018","Milliers de tonnes","0","Im","Données de la FAO basées sur une méthodologie d'imputation"
"FBS","Nouveaux Bilans Alimentaire","165","Pakistan","5611","Importations - Quantité","2734","Viande de Volailles","2018","2018","Milliers de tonnes","1","Im","Données de la FAO basées sur une méthodologie d'imputation"
"FBS","Nouveaux Bilans Alimentaire","165","Pakistan","5911","Exportations - Quantité","2734","Viande de Volailles","2018","2018","Milliers de tonnes","5","Im","Données de la FAO basées sur une méthodologie d'imputation"
"FBS","Nouveaux Bilans Alimentaire","166","Panama","5611","Importations - Quantité","2734","Viande de Volailles","2018","2018","Milliers de tonnes","21","Im","Données de la FAO basées sur une méthodologie d'imputation"
"FBS","Nouveaux Bilans Alimentaire","166","Panama","5911","Exportations - Quantité","2734","Viande de Volailles","2018","2018","Milliers de tonnes","1","Im","Données de la FAO basées sur une méthodologie d'imputation"
"FBS","Nouveaux Bilans Alimentaire","168","Papouasie-Nouvelle-Guinée","5611","Importations - Quantité","2734","Viande de Volailles","2018","2018","Milliers de tonnes","21","Im","Données de la FAO basées sur une méthodologie d'imputation"
"FBS","Nouveaux Bilans Alimentaire","168","Papouasie-Nouvelle-Guinée","5911","Exportations - Quantité","2734","Viande de Volailles","2018","2018","Milliers de tonnes","0","Im","Données de la FAO basées sur une méthodologie d'imputation"
"FBS","Nouveaux Bilans Alimentaire","169","Paraguay","5611","Importations - Quantité","2734","Viande de Volailles","2018","2018","Milliers de tonnes","1","Im","Données de la FAO basées sur une méthodologie d'imputation"
"FBS","Nouveaux Bilans Alimentaire","169","Paraguay","5911","Exportations - Quantité","2734","Viande de Volailles","2018","2018","Milliers de tonnes","5","Im","Données de la FAO basées sur une méthodologie d'imputation"
"FBS","Nouveaux Bilans Alimentaire","150","Pays-Bas","5611","Importations - Quantité","2734","Viande de Volailles","2018","2018","Milliers de tonnes","585","Im","Données de la FAO basées sur une méthodologie d'imputation"
"FBS","Nouveaux Bilans Alimentaire","150","Pays-Bas","5911","Exportations - Quantité","2734","Viande de Volailles","2018","2018","Milliers de tonnes","1423","Im","Données de la FAO basées sur une méthodologie d'imputation"
"FBS","Nouveaux Bilans Alimentaire","170","Pérou","5611","Importations - Quantité","2734","Viande de Volailles","2018","2018","Milliers de tonnes","70","Im","Données de la FAO basées sur une méthodologie d'imputation"
"FBS","Nouveaux Bilans Alimentaire","170","Pérou","5911","Exportations - Quantité","2734","Viande de Volailles","2018","2018","Milliers de tonnes","1","Im","Données de la FAO basées sur une méthodologie d'imputation"
"FBS","Nouveaux Bilans Alimentaire","171","Philippines","5611","Importations - Quantité","2734","Viande de Volailles","2018","2018","Milliers de tonnes","282","Im","Données de la FAO basées sur une méthodologie d'imputation"
"FBS","Nouveaux Bilans Alimentaire","171","Philippines","5911","Exportations - Quantité","2734","Viande de Volailles","2018","2018","Milliers de tonnes","1","Im","Données de la FAO basées sur une méthodologie d'imputation"
"FBS","Nouveaux Bilans Alimentaire","173","Pologne","5611","Importations - Quantité","2734","Viande de Volailles","2018","2018","Milliers de tonnes","77","Im","Données de la FAO basées sur une méthodologie d'imputation"
"FBS","Nouveaux Bilans Alimentaire","173","Pologne","5911","Exportations - Quantité","2734","Viande de Volailles","2018","2018","Milliers de tonnes","1150","Im","Données de la FAO basées sur une méthodologie d'imputation"
"FBS","Nouveaux Bilans Alimentaire","70","Polynésie française","5611","Importations - Quantité","2734","Viande de Volailles","2018","2018","Milliers de tonnes","16","Im","Données de la FAO basées sur une méthodologie d'imputation"
"FBS","Nouveaux Bilans Alimentaire","174","Portugal","5611","Importations - Quantité","2734","Viande de Volailles","2018","2018","Milliers de tonnes","85","Im","Données de la FAO basées sur une méthodologie d'imputation"
"FBS","Nouveaux Bilans Alimentaire","174","Portugal","5911","Exportations - Quantité","2734","Viande de Volailles","2018","2018","Milliers de tonnes","33","Im","Données de la FAO basées sur une méthodologie d'imputation"
"FBS","Nouveaux Bilans Alimentaire","37","République centrafricaine","5611","Importations - Quantité","2734","Viande de Volailles","2018","2018","Milliers de tonnes","5","Im","Données de la FAO basées sur une méthodologie d'imputation"
"FBS","Nouveaux Bilans Alimentaire","117","République de Corée","5611","Importations - Quantité","2734","Viande de Volailles","2018","2018","Milliers de tonnes","170","Im","Données de la FAO basées sur une méthodologie d'imputation"
"FBS","Nouveaux Bilans Alimentaire","117","République de Corée","5911","Exportations - Quantité","2734","Viande de Volailles","2018","2018","Milliers de tonnes","35","Im","Données de la FAO basées sur une méthodologie d'imputation"
"FBS","Nouveaux Bilans Alimentaire","146","République de Moldova","5611","Importations - Quantité","2734","Viande de Volailles","2018","2018","Milliers de tonnes","19","Im","Données de la FAO basées sur une méthodologie d'imputation"
"FBS","Nouveaux Bilans Alimentaire","146","République de Moldova","5911","Exportations - Quantité","2734","Viande de Volailles","2018","2018","Milliers de tonnes","0","Im","Données de la FAO basées sur une méthodologie d'imputation"
"FBS","Nouveaux Bilans Alimentaire","120","République démocratique populaire lao","5611","Importations - Quantité","2734","Viande de Volailles","2018","2018","Milliers de tonnes","40","Im","Données de la FAO basées sur une méthodologie d'imputation"
"FBS","Nouveaux Bilans Alimentaire","56","République dominicaine","5611","Importations - Quantité","2734","Viande de Volailles","2018","2018","Milliers de tonnes","57","Im","Données de la FAO basées sur une méthodologie d'imputation"
"FBS","Nouveaux Bilans Alimentaire","56","République dominicaine","5911","Exportations - Quantité","2734","Viande de Volailles","2018","2018","Milliers de tonnes","6","Im","Données de la FAO basées sur une méthodologie d'imputation"
"FBS","Nouveaux Bilans Alimentaire","116","République populaire démocratique de Corée","5611","Importations - Quantité","2734","Viande de Volailles","2018","2018","Milliers de tonnes","0","Im","Données de la FAO basées sur une méthodologie d'imputation"
"FBS","Nouveaux Bilans Alimentaire","215","République-Unie de Tanzanie","5611","Importations - Quantité","2734","Viande de Volailles","2018","2018","Milliers de tonnes","1","Im","Données de la FAO basées sur une méthodologie d'imputation"
"FBS","Nouveaux Bilans Alimentaire","215","République-Unie de Tanzanie","5911","Exportations - Quantité","2734","Viande de Volailles","2018","2018","Milliers de tonnes","0","Im","Données de la FAO basées sur une méthodologie d'imputation"
"FBS","Nouveaux Bilans Alimentaire","183","Roumanie","5611","Importations - Quantité","2734","Viande de Volailles","2018","2018","Milliers de tonnes","141","Im","Données de la FAO basées sur une méthodologie d'imputation"
"FBS","Nouveaux Bilans Alimentaire","183","Roumanie","5911","Exportations - Quantité","2734","Viande de Volailles","2018","2018","Milliers de tonnes","77","Im","Données de la FAO basées sur une méthodologie d'imputation"
"FBS","Nouveaux Bilans Alimentaire","229","Royaume-Uni de Grande-Bretagne et d'Irlande du Nord","5611","Importations - Quantité","2734","Viande de Volailles","2018","2018","Milliers de tonnes","802","Im","Données de la FAO basées sur une méthodologie d'imputation"
"FBS","Nouveaux Bilans Alimentaire","229","Royaume-Uni de Grande-Bretagne et d'Irlande du Nord","5911","Exportations - Quantité","2734","Viande de Volailles","2018","2018","Milliers de tonnes","383","Im","Données de la FAO basées sur une méthodologie d'imputation"
"FBS","Nouveaux Bilans Alimentaire","184","Rwanda","5611","Importations - Quantité","2734","Viande de Volailles","2018","2018","Milliers de tonnes","0","Im","Données de la FAO basées sur une méthodologie d'imputation"
"FBS","Nouveaux Bilans Alimentaire","189","Sainte-Lucie","5611","Importations - Quantité","2734","Viande de Volailles","2018","2018","Milliers de tonnes","10","Im","Données de la FAO basées sur une méthodologie d'imputation"
"FBS","Nouveaux Bilans Alimentaire","188","Saint-Kitts-et-Nevis","5611","Importations - Quantité","2734","Viande de Volailles","2018","2018","Milliers de tonnes","3","Im","Données de la FAO basées sur une méthodologie d'imputation"
"FBS","Nouveaux Bilans Alimentaire","191","Saint-Vincent-et-les Grenadines","5611","Importations - Quantité","2734","Viande de Volailles","2018","2018","Milliers de tonnes","8","Im","Données de la FAO basées sur une méthodologie d'imputation"
"FBS","Nouveaux Bilans Alimentaire","244","Samoa","5611","Importations - Quantité","2734","Viande de Volailles","2018","2018","Milliers de tonnes","18","Im","Données de la FAO basées sur une méthodologie d'imputation"
"FBS","Nouveaux Bilans Alimentaire","244","Samoa","5911","Exportations - Quantité","2734","Viande de Volailles","2018","2018","Milliers de tonnes","0","Im","Données de la FAO basées sur une méthodologie d'imputation"
"FBS","Nouveaux Bilans Alimentaire","193","Sao Tomé-et-Principe","5611","Importations - Quantité","2734","Viande de Volailles","2018","2018","Milliers de tonnes","2","Im","Données de la FAO basées sur une méthodologie d'imputation"
"FBS","Nouveaux Bilans Alimentaire","195","Sénégal","5611","Importations - Quantité","2734","Viande de Volailles","2018","2018","Milliers de tonnes","0","Im","Données de la FAO basées sur une méthodologie d'imputation"
"FBS","Nouveaux Bilans Alimentaire","195","Sénégal","5911","Exportations - Quantité","2734","Viande de Volailles","2018","2018","Milliers de tonnes","0","Im","Données de la FAO basées sur une méthodologie d'imputation"
"FBS","Nouveaux Bilans Alimentaire","272","Serbie","5611","Importations - Quantité","2734","Viande de Volailles","2018","2018","Milliers de tonnes","17","Im","Données de la FAO basées sur une méthodologie d'imputation"
"FBS","Nouveaux Bilans Alimentaire","272","Serbie","5911","Exportations - Quantité","2734","Viande de Volailles","2018","2018","Milliers de tonnes","9","Im","Données de la FAO basées sur une méthodologie d'imputation"
"FBS","Nouveaux Bilans Alimentaire","197","Sierra Leone","5611","Importations - Quantité","2734","Viande de Volailles","2018","2018","Milliers de tonnes","18","Im","Données de la FAO basées sur une méthodologie d'imputation"
"FBS","Nouveaux Bilans Alimentaire","199","Slovaquie","5611","Importations - Quantité","2734","Viande de Volailles","2018","2018","Milliers de tonnes","87","Im","Données de la FAO basées sur une méthodologie d'imputation"
"FBS","Nouveaux Bilans Alimentaire","199","Slovaquie","5911","Exportations - Quantité","2734","Viande de Volailles","2018","2018","Milliers de tonnes","49","Im","Données de la FAO basées sur une méthodologie d'imputation"
"FBS","Nouveaux Bilans Alimentaire","198","Slovénie","5611","Importations - Quantité","2734","Viande de Volailles","2018","2018","Milliers de tonnes","23","Im","Données de la FAO basées sur une méthodologie d'imputation"
"FBS","Nouveaux Bilans Alimentaire","198","Slovénie","5911","Exportations - Quantité","2734","Viande de Volailles","2018","2018","Milliers de tonnes","31","Im","Données de la FAO basées sur une méthodologie d'imputation"
"FBS","Nouveaux Bilans Alimentaire","276","Soudan","5611","Importations - Quantité","2734","Viande de Volailles","2018","2018","Milliers de tonnes","0","Im","Données de la FAO basées sur une méthodologie d'imputation"
"FBS","Nouveaux Bilans Alimentaire","38","Sri Lanka","5611","Importations - Quantité","2734","Viande de Volailles","2018","2018","Milliers de tonnes","0","Im","Données de la FAO basées sur une méthodologie d'imputation"
"FBS","Nouveaux Bilans Alimentaire","38","Sri Lanka","5911","Exportations - Quantité","2734","Viande de Volailles","2018","2018","Milliers de tonnes","0","Im","Données de la FAO basées sur une méthodologie d'imputation"
"FBS","Nouveaux Bilans Alimentaire","210","Suède","5611","Importations - Quantité","2734","Viande de Volailles","2018","2018","Milliers de tonnes","81","Im","Données de la FAO basées sur une méthodologie d'imputation"
"FBS","Nouveaux Bilans Alimentaire","210","Suède","5911","Exportations - Quantité","2734","Viande de Volailles","2018","2018","Milliers de tonnes","26","Im","Données de la FAO basées sur une méthodologie d'imputation"
"FBS","Nouveaux Bilans Alimentaire","211","Suisse","5611","Importations - Quantité","2734","Viande de Volailles","2018","2018","Milliers de tonnes","45","Im","Données de la FAO basées sur une méthodologie d'imputation"
"FBS","Nouveaux Bilans Alimentaire","211","Suisse","5911","Exportations - Quantité","2734","Viande de Volailles","2018","2018","Milliers de tonnes","2","Im","Données de la FAO basées sur une méthodologie d'imputation"
"FBS","Nouveaux Bilans Alimentaire","207","Suriname","5611","Importations - Quantité","2734","Viande de Volailles","2018","2018","Milliers de tonnes","22","Im","Données de la FAO basées sur une méthodologie d'imputation"
"FBS","Nouveaux Bilans Alimentaire","207","Suriname","5911","Exportations - Quantité","2734","Viande de Volailles","2018","2018","Milliers de tonnes","1","Im","Données de la FAO basées sur une méthodologie d'imputation"
"FBS","Nouveaux Bilans Alimentaire","208","Tadjikistan","5611","Importations - Quantité","2734","Viande de Volailles","2018","2018","Milliers de tonnes","14","Im","Données de la FAO basées sur une méthodologie d'imputation"
"FBS","Nouveaux Bilans Alimentaire","39","Tchad","5611","Importations - Quantité","2734","Viande de Volailles","2018","2018","Milliers de tonnes","1","Im","Données de la FAO basées sur une méthodologie d'imputation"
"FBS","Nouveaux Bilans Alimentaire","167","Tchéquie","5611","Importations - Quantité","2734","Viande de Volailles","2018","2018","Milliers de tonnes","121","Im","Données de la FAO basées sur une méthodologie d'imputation"
"FBS","Nouveaux Bilans Alimentaire","167","Tchéquie","5911","Exportations - Quantité","2734","Viande de Volailles","2018","2018","Milliers de tonnes","26","Im","Données de la FAO basées sur une méthodologie d'imputation"
"FBS","Nouveaux Bilans Alimentaire","216","Thaïlande","5611","Importations - Quantité","2734","Viande de Volailles","2018","2018","Milliers de tonnes","2","Im","Données de la FAO basées sur une méthodologie d'imputation"
"FBS","Nouveaux Bilans Alimentaire","216","Thaïlande","5911","Exportations - Quantité","2734","Viande de Volailles","2018","2018","Milliers de tonnes","870","Im","Données de la FAO basées sur une méthodologie d'imputation"
"FBS","Nouveaux Bilans Alimentaire","176","Timor-Leste","5611","Importations - Quantité","2734","Viande de Volailles","2018","2018","Milliers de tonnes","9","Im","Données de la FAO basées sur une méthodologie d'imputation"
"FBS","Nouveaux Bilans Alimentaire","217","Togo","5611","Importations - Quantité","2734","Viande de Volailles","2018","2018","Milliers de tonnes","22","Im","Données de la FAO basées sur une méthodologie d'imputation"
"FBS","Nouveaux Bilans Alimentaire","217","Togo","5911","Exportations - Quantité","2734","Viande de Volailles","2018","2018","Milliers de tonnes","1","Im","Données de la FAO basées sur une méthodologie d'imputation"
"FBS","Nouveaux Bilans Alimentaire","220","Trinité-et-Tobago","5611","Importations - Quantité","2734","Viande de Volailles","2018","2018","Milliers de tonnes","24","Im","Données de la FAO basées sur une méthodologie d'imputation"
"FBS","Nouveaux Bilans Alimentaire","220","Trinité-et-Tobago","5911","Exportations - Quantité","2734","Viande de Volailles","2018","2018","Milliers de tonnes","0","Im","Données de la FAO basées sur une méthodologie d'imputation"
"FBS","Nouveaux Bilans Alimentaire","222","Tunisie","5611","Importations - Quantité","2734","Viande de Volailles","2018","2018","Milliers de tonnes","2","Im","Données de la FAO basées sur une méthodologie d'imputation"
"FBS","Nouveaux Bilans Alimentaire","222","Tunisie","5911","Exportations - Quantité","2734","Viande de Volailles","2018","2018","Milliers de tonnes","2","Im","Données de la FAO basées sur une méthodologie d'imputation"
"FBS","Nouveaux Bilans Alimentaire","213","Turkménistan","5611","Importations - Quantité","2734","Viande de Volailles","2018","2018","Milliers de tonnes","31","Im","Données de la FAO basées sur une méthodologie d'imputation"
"FBS","Nouveaux Bilans Alimentaire","223","Turquie","5611","Importations - Quantité","2734","Viande de Volailles","2018","2018","Milliers de tonnes","6","Im","Données de la FAO basées sur une méthodologie d'imputation"
"FBS","Nouveaux Bilans Alimentaire","223","Turquie","5911","Exportations - Quantité","2734","Viande de Volailles","2018","2018","Milliers de tonnes","489","Im","Données de la FAO basées sur une méthodologie d'imputation"
"FBS","Nouveaux Bilans Alimentaire","230","Ukraine","5611","Importations - Quantité","2734","Viande de Volailles","2018","2018","Milliers de tonnes","133","Im","Données de la FAO basées sur une méthodologie d'imputation"
"FBS","Nouveaux Bilans Alimentaire","230","Ukraine","5911","Exportations - Quantité","2734","Viande de Volailles","2018","2018","Milliers de tonnes","331","Im","Données de la FAO basées sur une méthodologie d'imputation"
"FBS","Nouveaux Bilans Alimentaire","234","Uruguay","5611","Importations - Quantité","2734","Viande de Volailles","2018","2018","Milliers de tonnes","6","Im","Données de la FAO basées sur une méthodologie d'imputation"
"FBS","Nouveaux Bilans Alimentaire","234","Uruguay","5911","Exportations - Quantité","2734","Viande de Volailles","2018","2018","Milliers de tonnes","3","Im","Données de la FAO basées sur une méthodologie d'imputation"
"FBS","Nouveaux Bilans Alimentaire","155","Vanuatu","5611","Importations - Quantité","2734","Viande de Volailles","2018","2018","Milliers de tonnes","4","Im","Données de la FAO basées sur une méthodologie d'imputation"
"FBS","Nouveaux Bilans Alimentaire","236","Venezuela (République bolivarienne du)","5611","Importations - Quantité","2734","Viande de Volailles","2018","2018","Milliers de tonnes","3","Im","Données de la FAO basées sur une méthodologie d'imputation"
"FBS","Nouveaux Bilans Alimentaire","236","Venezuela (République bolivarienne du)","5911","Exportations - Quantité","2734","Viande de Volailles","2018","2018","Milliers de tonnes","0","Im","Données de la FAO basées sur une méthodologie d'imputation"
"FBS","Nouveaux Bilans Alimentaire","237","Viet Nam","5611","Importations - Quantité","2734","Viande de Volailles","2018","2018","Milliers de tonnes","593","Im","Données de la FAO basées sur une méthodologie d'imputation"
"FBS","Nouveaux Bilans Alimentaire","237","Viet Nam","5911","Exportations - Quantité","2734","Viande de Volailles","2018","2018","Milliers de tonnes","2","Im","Données de la FAO basées sur une méthodologie d'imputation"
"FBS","Nouveaux Bilans Alimentaire","249","Yémen","5611","Importations - Quantité","2734","Viande de Volailles","2018","2018","Milliers de tonnes","96","Im","Données de la FAO basées sur une méthodologie d'imputation"
"FBS","Nouveaux Bilans Alimentaire","251","Zambie","5611","Importations - Quantité","2734","Viande de Volailles","2018","2018","Milliers de tonnes","11","Im","Données de la FAO basées sur une méthodologie d'imputation"
"FBS","Nouveaux Bilans Alimentaire","251","Zambie","5911","Exportations - Quantité","2734","Viande de Volailles","2018","2018","Milliers de tonnes","1","Im","Données de la FAO basées sur une méthodologie d'imputation"
"FBS","Nouveaux Bilans Alimentaire","181","Zimbabwe","5611","Importations - Quantité","2734","Viande de Volailles","2018","2018","Milliers de tonnes","4","Im","Données de la FAO basées sur une méthodologie d'imputation"
